id	your_level_1_to_7	response
r57		Whether the data shape matters depends entirely on **what you are trying to do** with it. In data science and machine learning, "shape" usually refers to the dimensions of your dataset (e.g., number of rows, columns, or the structure of nested arrays). |  | Here is a breakdown of when it matters and when it might not: |  | ### 1. When Shape Matters Criticaly | If your goal involves **modeling, training, or inference**, the shape is almost always critical. Most algorithms have strict requirements regarding input dimensions: |  | *   **Machine Learning Models**: Models expect inputs in specific formats. For example, a standard neural network layer expects a 3D tensor of shape `(batch_size, features, time_steps)` or `(batch_size, num_features)`. If your data is 2D when the model expects 3D, the code will crash immediately. | *   **Data Pipelines**: If you are building an ETL (Extract, Transform, Load) pipe
r110		When you need to compare **more than two groups**, the standard statistical approach is to use an **Analysis of Variance (ANOVA)**. |  | Here is the step-by-step logic and the specific methods you should consider: |  | ### 1. The Primary Approach: One-Way ANOVA | If your data involves a single independent variable (factor) with three or more levels (groups), **One-Way ANOVA** is the standard starting point. |  | *   **How it works**: It tests the null hypothesis that the means of all groups are equal ($\mu_1 = \mu_2 = \dots = \mu_k$). | *   **The Logic**: Instead of running multiple $t$-tests (which increases the risk of a "Type I error" or false positive), ANOVA compares the **variance between groups** to the **variance within groups**. |     *   If the variance *between* groups is significantly larger than the variance *within* groups, it suggests that at least one group mean is different from the other
r71		Handling missing values depends on the type of data, the amount of missingness, and your modeling goals. Here’s a practical, step-by-step approach: |  | --- |  | ### 1. **Diagnose the Missingness** | First, understand *how* and *why* values are missing: | - **Missing Completely at Random (MCAR)**: Missingness unrelated to observed or unobserved data (e.g., random sensor error). | - **Missing at Random (MAR)**: Missingness depends on other observed variables (e.g., younger people less likely to report income). | - **Missing Not at Random (MNAR)**: Missingness depends on the unobserved value itself (e.g., high-income individuals refusing to disclose salary). |  | Use tools like: | - `pandas.DataFrame.info()` + `df.isna().sum()` | - Visualizations: heatmaps of missingness patterns, correlation plots. | - Statistical tests (e.g., Little’s MCAR test) if appropriate. |  | --- |  | ### 2. **Decide on a Strategy per Variable** |  | 
r109		Determining whether a relationship is "real" can be challenging, especially in the modern digital age where online dating, social media, and the rise of romance scams have blurred the lines. A real relationship is built on **authenticity, consistency, and mutual respect**, whereas a fake one often relies on manipulation, inconsistency, or hidden agendas. |  | Here are several key indicators to help you assess the authenticity of your connection: |  | ### 1. Consistency vs. Perfection | *   **Real:** People are human. In a real relationship, you will see their flaws, hear their bad days, and witness them making mistakes. They are consistent in their words and actions over time. | *   **Fake:** The person may present a curated, "perfect" version of themselves (the "highlight reel"). If they are always charming, successful, and agreeable but never show vulnerability or struggle, it can be a red flag. |  | 
r118		Whether the data shape matters depends entirely on **what you are trying to do** with it. In data science and machine learning, "shape" usually refers to the dimensions of your dataset (e.g., number of rows, columns, or the structure of nested arrays). |  | Here is a breakdown of when it matters and when it might not: |  | ### 1. When Shape Matters Criticaly | If your goal involves **modeling, training, or inference**, the shape is almost always critical. Most algorithms have strict requirements: |  | *   **Input/Output Compatibility**: A model expecting a 2D array of shape `(batch_size, features)` will crash if you feed it a 3D array or a dictionary. | *   **Feature Engineering**: Many algorithms (like Linear Regression or Neural Networks) require a specific number of features (columns). If your data has too many columns (e.g., including an ID column that isn't a feature), the model may overfit or fail
r99		Yes, collecting data at **several sites** significantly changes how you should analyze it. It introduces a new layer of complexity that goes beyond simple statistical tests on a single dataset. |  | Here is a breakdown of the key factors you need to consider: |  | ### 1. The "Site" Becomes a Factor | In your analysis, **Site** is no longer just a label; it is a variable. You must decide if it is a **fixed effect** or a **random effect**: | *   **Fixed Effect:** If you are specifically interested in comparing these specific sites (e.g., "Is Site A different from Site B?"), treat it as a fixed factor. | *   **Random Effect:** If these sites are just a sample of many possible locations and you want to generalize your findings to the broader region, treat it as a random effect. This is common in hierarchical models. |  | ### 2. Statistical Models Must Account for Structure | Standard models (like a simple t-tes
r59		Whether the data shape matters depends entirely on **what you are trying to do** with it. In data science and machine learning, "shape" usually refers to the dimensions of your dataset (e.g., number of rows, columns, or the structure of nested arrays). |  | Here is a breakdown of when it matters and when it might not: |  | ### 1. When Shape Matters Criticaly | If your goal involves **modeling, training, or inference**, the shape is almost always critical. Most algorithms have strict requirements: |  | *   **Input/Output Compatibility**: A model expecting a 2D array of shape `(batch_size, features)` will crash if you feed it a 3D array or a dictionary. | *   **Vectorization**: Many algorithms (like linear regression or neural networks) operate on vectors or matrices. If your data is a list of lists with inconsistent lengths, or a DataFrame with mismatched columns, the math breaks. | *   **Library Constrain
r65		When a model isn't fitting well, the first step is to **diagnose the nature of the error** before making changes. Blindly adding more data or hyperparameters often makes things worse. |  | Here is a structured checklist of what to look at first, ordered from the most common/quick fixes to deeper architectural issues: |  | ### 1. Check the Loss Landscape (The "What") | Before touching the code, look at the training metrics. | *   **High Training Loss vs. High Validation Loss:** This indicates **Overfitting**. The model is memorizing the training data but failing to generalize. |     *   *Action:* Reduce model capacity, add regularization (Dropout, L2), increase data augmentation, or use early stopping. | *   **Low Training Loss vs. High Validation Loss:** This is the classic sign of **Overfitting**. | *   **High Training Loss & High Validation Loss:** This indicates **Underfitting**. The model simply isn't
r75		To determine if your change had an actual effect, you need to compare the **state before** the change against the **state after** the change, while controlling for other variables. The specific method depends on what you changed (code, a process, a product feature, etc.). |  | Here is a step-by-step guide to checking the impact: |  | ### 1. Define Your Baseline (The "Before") | You cannot measure an effect without a reference point. | *   **Quantitative Data:** If you changed a server setting, what was the CPU usage, latency, or error rate yesterday? | *   **Qualitative Data:** If you changed a user interface, what did users say in feedback before the update? | *   **Control Group:** If possible, keep a version of your system unchanged (or use a different user group) to serve as a baseline for comparison. |  | ### 2. Choose the Right Measurement Method | Depending on the nature of your change, select one of t
r24		I'd love to help you craft a clear, impactful summary! However, I don't see the data you're referring to yet. To give you the best advice, could you share: |  | 1. **The data itself** (paste a sample, describe its structure, or upload a file if your interface allows) | 2. **The report's purpose** (e.g., executive briefing, technical analysis, stakeholder update) | 3. **Key constraints** (word count, audience expertise level, required focus areas) | 4. **Specific challenges** you're facing (e.g., "too much detail," "hard to spot trends," "need to highlight risks") |  | For example:   | *"I have 5 years of sales data with regional breakdowns and product categories. I need a 1-page summary for non-technical executives highlighting growth opportunities and risks."* |  | Once you provide these details, I'll suggest:   | ✅ A tailored summary structure   | ✅ Key metrics to prioritize   | ✅ Visual recommendations (charts
r23		I'd love to help you craft a clear, impactful summary! However, I don't see the data you're referring to yet. To give you the best advice, could you share: |  | 1. **The actual data** (or a sample of it) | 2. **The report's purpose/audience** (e.g., executive summary, technical analysis, stakeholder update) | 3. **Key questions you need to answer** with this summary | 4. **Any specific constraints** (word count, format, tone) |  | For example:   | *"Here's sales data from Q1-Q3 2024. I need a 100-word executive summary for non-technical leadership highlighting growth trends and risks."* |  | Once you provide these details, I'll suggest:   | ✅ How to structure the summary   | ✅ Which metrics to prioritize   | ✅ Wording strategies for clarity   | ✅ Visual recommendations (if applicable)   |  | Just paste your data or describe it, and I'll tailor the approach! 📊
r102		When your statistical results change after adding a new variable to your model, it is a very common and often expected occurrence. It doesn't necessarily mean your original analysis was "wrong," but rather that the new variable is revealing a more complex picture of the data. |  | Here are the most common reasons why this happens and what it implies: |  | ### 1. Confounding Variables (The "Hidden Driver") | This is the most frequent cause. The new variable you added might be **confounded** with your original independent variable. | *   **What it means:** The relationship you saw before was actually driven by the new variable, not the original one. | *   **Example:** You found that "Coffee drinking" causes "High energy." When you add "Sleep duration" as a variable, the effect of coffee disappears or changes because people who drink coffee often sleep less, and sleep deprivation is the real cause of the
r60		Deciding whether to report a "big" difference between two groups depends entirely on **context, statistical validity, and practical significance**, not just the visual size of the gap. |  | Here is a step-by-step framework to help you decide: |  | ### 1. Check Statistical Significance (Is it real?) | Before worrying about the size, you must determine if the difference is likely due to chance or a true effect. | *   **Run a hypothesis test:** Use a t-test (for continuous data) or a chi-square test (for categorical data), depending on your data type. | *   **Look at the p-value:** If $p < 0.05$ (or your chosen alpha level), the difference is statistically significant. | *   **The Caveat:** A statistically significant result can still be trivial in the real world (e.g., a drug reduces symptoms by 0.01% with $p < 0.001$). Conversely, a large difference might not be significant if your sample size is tiny. |  | 
r80		I'd love to help you craft a clear and effective summary! However, I don't see the data you're referring to yet. Could you please: |  | 1. **Share the data** (paste a table, describe the dataset, or upload a file if your interface allows) | 2. **Specify the report's purpose** (e.g., executive briefing, technical analysis, stakeholder update) | 3. **Mention any key constraints** (word count, audience expertise level, required focus areas) |  | For example:   | *"Here's sales data from Q1-Q3 2024. I need a 100-word executive summary highlighting growth trends and risks for non-technical leadership."* |  | Once you provide these details, I'll tailor the summary with:   | ✅ Key insights prioritized   | ✅ Clear structure (problem → analysis → implications)   | ✅ Actionable recommendations   | ✅ Visual suggestions (charts/graphs to include)   |  | Just share your data and goals! 📊
r78		To determine if your change had an actual effect, you need to compare the **state before** the change against the **state after** the change. The specific method depends on what you changed (code, a process, a design, etc.) and how you want to measure success. |  | Here is a step-by-step framework to help you check: |  | ### 1. Define the Metric (What are you measuring?) | Before looking at data, you must know exactly what "effect" means in your context. | *   **Quantitative:** Did performance improve? Did error rates drop? Did sales increase? |     *   *Example:* "Page load time reduced from 2.5s to 1.8s." | *   **Qualitative:** Did user behavior change? Did feedback improve? |     *   *Example:* "Users reported fewer bugs" or "Customer satisfaction scores went up." |  | ### 2. Establish a Baseline | You cannot measure change without a reference point. | *   **Historical Data:** Look at logs, analytics, or previ
